{
  "relevance": {
    "relevance_score": 0.7309215068817139,
    "context_support_score": 0.748793363571167,
    "top_contexts": [
      {
        "index": 0,
        "similarity": 0.8918329477310181
      },
      {
        "index": 1,
        "similarity": 0.6057538390159607
      }
    ],
    "keywords_extracted": [
      "the main benefits",
      "solar energy",
      "What"
    ],
    "completeness_score": 0.3333333333333333
  },
  "hallucination": {
    "entities_found": [],
    "unsupported_entities": [],
    "hallucination_rate": 0.0
  },
  "composite_score": 0.6836732784907023,
  "metadata": {
    "num_contexts": 2
  },
  "runtime_ms": 243.51215362548828
}